employee_id,employee_name,branch,date,punch_in,punch_out,hours_worked,shift,day_of_week,is_weekend
31,Person_0007,Conut - Tyre,2025-12-01,2025-12-01 16:30:35,2025-12-01 23:39:07,7.1422,midday,Monday,False
35,Person_0009,Conut - Tyre,2025-12-01,2025-12-01 11:57:02,2025-12-01 21:43:07,9.7681,morning,Monday,False
45,Person_0010,Conut - Tyre,2025-12-01,2025-12-01 14:56:32,2025-12-01 23:39:02,8.7083,midday,Monday,False
6,Person_0002,Conut Jnah,2025-12-01,2025-12-01 13:28:48,2025-12-01 22:06:03,8.6208,midday,Monday,False
7,Person_0003,Conut Jnah,2025-12-01,2025-12-01 08:44:56,2025-12-01 16:49:35,8.0775,morning,Monday,False
1,Person_0001,Main Street Coffee,2025-12-01,2025-12-01 07:39:35,2025-12-01 19:37:56,11.9725,morning,Monday,False
49,Person_0012,Main Street Coffee,2025-12-01,2025-12-01 00:41:12,2025-12-01 00:41:24,0.0033,evening,Monday,False
49,Person_0012,Main Street Coffee,2025-12-01,2025-12-01 14:49:36,2025-12-02 00:30:06,9.675,midday,Monday,False
51,Person_0014,Main Street Coffee,2025-12-01,2025-12-01 15:09:04,2025-12-01 22:51:09,7.7014,midday,Monday,False
52,Person_0015,Main Street Coffee,2025-12-01,2025-12-01 00:40:50,2025-12-01 00:40:59,0.0025,evening,Monday,False
52,Person_0015,Main Street Coffee,2025-12-01,2025-12-01 14:49:43,2025-12-02 00:29:58,9.6708,midday,Monday,False
30,Person_0006,Conut - Tyre,2025-12-02,2025-12-02 12:13:43,2025-12-02 19:57:12,7.7247,midday,Tuesday,False
31,Person_0007,Conut - Tyre,2025-12-02,2025-12-02 16:07:52,2025-12-02 16:29:08,0.3544,midday,Tuesday,False
31,Person_0007,Conut - Tyre,2025-12-02,2025-12-02 16:29:15,2025-12-02 23:46:26,7.2864,midday,Tuesday,False
45,Person_0010,Conut - Tyre,2025-12-02,2025-12-02 15:11:36,2025-12-02 23:45:33,8.5658,midday,Tuesday,False
7,Person_0003,Conut Jnah,2025-12-02,2025-12-02 08:49:26,2025-12-02 15:09:24,6.3328,morning,Tuesday,False
8,Person_0004,Conut Jnah,2025-12-02,2025-12-02 13:00:02,2025-12-02 22:00:10,9.0022,midday,Tuesday,False
1,Person_0001,Main Street Coffee,2025-12-02,2025-12-02 15:14:59,2025-12-02 23:51:33,8.6094,midday,Tuesday,False
49,Person_0012,Main Street Coffee,2025-12-02,2025-12-02 15:14:38,2025-12-02 23:51:39,8.6169,midday,Tuesday,False
50,Person_0013,Main Street Coffee,2025-12-02,2025-12-02 08:32:56,2025-12-02 15:54:10,7.3539,morning,Tuesday,False
51,Person_0014,Main Street Coffee,2025-12-02,2025-12-02 14:53:50,2025-12-02 22:04:36,7.1794,midday,Tuesday,False
52,Person_0015,Main Street Coffee,2025-12-02,2025-12-02 15:14:44,2025-12-02 23:51:46,8.6172,midday,Tuesday,False
30,Person_0006,Conut - Tyre,2025-12-03,2025-12-03 14:12:32,2025-12-04 00:23:20,10.18,midday,Wednesday,False
35,Person_0009,Conut - Tyre,2025-12-03,2025-12-03 08:52:34,2025-12-03 20:28:54,11.6056,morning,Wednesday,False
45,Person_0010,Conut - Tyre,2025-12-03,2025-12-03 15:00:26,2025-12-04 00:23:26,9.3833,midday,Wednesday,False
6,Person_0002,Conut Jnah,2025-12-03,2025-12-03 15:07:53,2025-12-03 23:20:17,8.2067,midday,Wednesday,False
7,Person_0003,Conut Jnah,2025-12-03,2025-12-03 09:01:04,2025-12-03 15:35:30,6.5739,morning,Wednesday,False
8,Person_0004,Conut Jnah,2025-12-03,2025-12-03 13:44:47,2025-12-03 22:00:52,8.2681,midday,Wednesday,False
1,Person_0001,Main Street Coffee,2025-12-03,2025-12-03 15:12:21,2025-12-04 00:17:12,9.0808,midday,Wednesday,False
49,Person_0012,Main Street Coffee,2025-12-03,2025-12-03 15:18:04,2025-12-03 15:18:17,0.0036,midday,Wednesday,False
50,Person_0013,Main Street Coffee,2025-12-03,2025-12-03 09:22:40,2025-12-03 15:59:10,6.6083,morning,Wednesday,False
52,Person_0015,Main Street Coffee,2025-12-03,2025-12-03 15:17:55,2025-12-04 00:17:37,8.995,midday,Wednesday,False
30,Person_0006,Conut - Tyre,2025-12-04,2025-12-04 12:10:45,2025-12-04 18:33:13,6.3744,midday,Thursday,False
31,Person_0007,Conut - Tyre,2025-12-04,2025-12-04 14:49:06,2025-12-04 23:43:08,8.9006,midday,Thursday,False
35,Person_0009,Conut - Tyre,2025-12-04,2025-12-04 13:29:30,2025-12-04 23:43:02,10.2256,midday,Thursday,False
6,Person_0002,Conut Jnah,2025-12-04,2025-12-04 08:40:08,2025-12-04 16:39:15,7.9853,morning,Thursday,False
8,Person_0004,Conut Jnah,2025-12-04,2025-12-04 13:00:11,2025-12-04 22:00:31,9.0056,midday,Thursday,False
49,Person_0012,Main Street Coffee,2025-12-04,2025-12-04 00:17:20,2025-12-04 00:17:27,0.0019,evening,Thursday,False
49,Person_0012,Main Street Coffee,2025-12-04,2025-12-04 23:44:10,2025-12-04 23:44:19,0.0025,evening,Thursday,False
50,Person_0013,Main Street Coffee,2025-12-04,2025-12-04 06:48:38,2025-12-04 08:00:19,1.1947,morning,Thursday,False
50,Person_0013,Main Street Coffee,2025-12-04,2025-12-04 08:00:28,2025-12-04 16:25:52,8.4233,morning,Thursday,False
52,Person_0015,Main Street Coffee,2025-12-04,2025-12-04 14:12:59,2025-12-05 00:00:35,9.7933,midday,Thursday,False
30,Person_0006,Conut - Tyre,2025-12-05,2025-12-05 11:51:32,2025-12-05 19:58:06,8.1094,morning,Friday,False
31,Person_0007,Conut - Tyre,2025-12-05,2025-12-05 16:08:50,2025-12-05 23:37:28,7.4772,midday,Friday,False
35,Person_0009,Conut - Tyre,2025-12-05,2025-12-05 15:27:46,2025-12-05 23:37:21,8.1597,midday,Friday,False
45,Person_0010,Conut - Tyre,2025-12-05,2025-12-05 15:27:59,2025-12-05 23:37:35,8.16,midday,Friday,False
7,Person_0003,Conut Jnah,2025-12-05,2025-12-05 09:10:53,2025-12-05 15:26:41,6.2633,morning,Friday,False
8,Person_0004,Conut Jnah,2025-12-05,2025-12-05 13:13:21,2025-12-05 22:02:33,8.82,midday,Friday,False
49,Person_0012,Main Street Coffee,2025-12-05,2025-12-05 00:00:20,2025-12-05 00:00:27,0.0019,evening,Friday,False
49,Person_0012,Main Street Coffee,2025-12-05,2025-12-05 16:12:37,2025-12-06 01:38:50,9.4369,midday,Friday,False
50,Person_0013,Main Street Coffee,2025-12-05,2025-12-05 07:50:46,2025-12-05 16:18:42,8.4656,morning,Friday,False
50,Person_0013,Main Street Coffee,2025-12-05,2025-12-05 20:26:23,2025-12-05 23:07:41,2.6883,evening,Friday,False
51,Person_0014,Main Street Coffee,2025-12-05,2025-12-05 18:22:53,2025-12-06 01:03:33,6.6778,evening,Friday,False
52,Person_0015,Main Street Coffee,2025-12-05,2025-12-05 16:12:45,2025-12-06 01:38:58,9.4369,midday,Friday,False
30,Person_0006,Conut - Tyre,2025-12-06,2025-12-06 14:15:33,2025-12-06 23:30:16,9.2453,midday,Saturday,True
31,Person_0007,Conut - Tyre,2025-12-06,2025-12-06 11:19:33,2025-12-06 20:09:30,8.8325,morning,Saturday,True
35,Person_0009,Conut - Tyre,2025-12-06,2025-12-06 15:33:39,2025-12-06 23:30:26,7.9464,midday,Saturday,True
45,Person_0010,Conut - Tyre,2025-12-06,2025-12-06 16:05:35,2025-12-06 23:30:31,7.4156,midday,Saturday,True
6,Person_0002,Conut Jnah,2025-12-06,2025-12-06 21:30:05,2025-12-07 14:58:24,17.4719,evening,Saturday,True
7,Person_0003,Conut Jnah,2025-12-06,2025-12-06 09:03:55,2025-12-06 15:47:23,6.7244,morning,Saturday,True
8,Person_0004,Conut Jnah,2025-12-06,2025-12-06 13:19:38,2025-12-06 22:04:01,8.7397,midday,Saturday,True
1,Person_0001,Main Street Coffee,2025-12-06,2025-12-06 16:03:47,2025-12-07 00:27:15,8.3911,midday,Saturday,True
49,Person_0012,Main Street Coffee,2025-12-06,2025-12-06 15:10:39,2025-12-07 00:56:36,9.7658,midday,Saturday,True
50,Person_0013,Main Street Coffee,2025-12-06,2025-12-06 07:17:36,2025-12-06 16:19:29,9.0314,morning,Saturday,True
51,Person_0014,Main Street Coffee,2025-12-06,2025-12-06 16:02:20,2025-12-07 00:27:09,8.4136,midday,Saturday,True
52,Person_0015,Main Street Coffee,2025-12-06,2025-12-06 15:10:46,2025-12-07 00:56:48,9.7672,midday,Saturday,True
30,Person_0006,Conut - Tyre,2025-12-07,2025-12-07 14:33:09,2025-12-07 23:52:12,9.3175,midday,Sunday,True
35,Person_0009,Conut - Tyre,2025-12-07,2025-12-07 15:05:54,2025-12-07 23:52:18,8.7733,midday,Sunday,True
45,Person_0010,Conut - Tyre,2025-12-07,2025-12-07 15:06:05,2025-12-07 23:52:29,8.7733,midday,Sunday,True
6,Person_0002,Conut Jnah,2025-12-07,2025-12-07 23:56:59,2025-12-07 23:57:04,0.0014,evening,Sunday,True
7,Person_0003,Conut Jnah,2025-12-07,2025-12-07 09:10:23,2025-12-07 16:10:07,6.9956,morning,Sunday,True
8,Person_0004,Conut Jnah,2025-12-07,2025-12-07 09:30:42,2025-12-07 18:57:40,9.4494,morning,Sunday,True
1,Person_0001,Main Street Coffee,2025-12-07,2025-12-07 13:15:46,2025-12-07 23:43:34,10.4633,midday,Sunday,True
49,Person_0012,Main Street Coffee,2025-12-07,2025-12-07 15:41:29,2025-12-08 00:53:51,9.2061,midday,Sunday,True
50,Person_0013,Main Street Coffee,2025-12-07,2025-12-07 07:35:12,2025-12-07 16:13:14,8.6339,morning,Sunday,True
51,Person_0014,Main Street Coffee,2025-12-07,2025-12-07 14:45:48,2025-12-08 00:08:48,9.3833,midday,Sunday,True
52,Person_0015,Main Street Coffee,2025-12-07,2025-12-07 15:41:35,2025-12-08 00:53:59,9.2067,midday,Sunday,True
30,Person_0006,Conut - Tyre,2025-12-08,2025-12-08 20:17:09,2025-12-10 15:00:34,18.7236,evening,Monday,False
31,Person_0007,Conut - Tyre,2025-12-08,2025-12-08 15:20:38,2025-12-08 23:42:07,8.3581,midday,Monday,False
45,Person_0010,Conut - Tyre,2025-12-08,2025-12-08 14:55:36,2025-12-08 23:41:51,8.7708,midday,Monday,False
6,Person_0002,Conut Jnah,2025-12-08,2025-12-08 09:12:51,2025-12-10 08:55:53,23.7172,morning,Monday,False
7,Person_0003,Conut Jnah,2025-12-08,2025-12-08 09:12:40,2025-12-08 16:14:14,7.0261,morning,Monday,False
1,Person_0001,Main Street Coffee,2025-12-08,2025-12-08 10:18:40,2025-12-08 15:59:28,5.68,morning,Monday,False
49,Person_0012,Main Street Coffee,2025-12-08,2025-12-08 15:10:07,2025-12-09 00:57:05,9.7828,midday,Monday,False
52,Person_0015,Main Street Coffee,2025-12-08,2025-12-08 15:10:16,2025-12-09 00:57:13,9.7825,midday,Monday,False
31,Person_0007,Conut - Tyre,2025-12-09,2025-12-09 15:08:13,2025-12-09 23:47:06,8.6481,midday,Tuesday,False
35,Person_0009,Conut - Tyre,2025-12-09,2025-12-09 11:48:33,2025-12-09 21:13:40,9.4186,morning,Tuesday,False
45,Person_0010,Conut - Tyre,2025-12-09,2025-12-09 14:59:44,2025-12-09 23:47:00,8.7878,midday,Tuesday,False
7,Person_0003,Conut Jnah,2025-12-09,2025-12-09 09:03:17,2025-12-09 14:07:56,5.0775,morning,Tuesday,False
8,Person_0004,Conut Jnah,2025-12-09,2025-12-09 13:06:01,2025-12-09 22:02:46,8.9458,midday,Tuesday,False
1,Person_0001,Main Street Coffee,2025-12-09,2025-12-09 14:26:54,2025-12-10 00:16:20,9.8239,midday,Tuesday,False
50,Person_0013,Main Street Coffee,2025-12-09,2025-12-09 07:40:14,2025-12-09 16:19:53,8.6608,morning,Tuesday,False
51,Person_0014,Main Street Coffee,2025-12-09,2025-12-09 18:01:41,2025-12-10 00:13:02,6.1892,evening,Tuesday,False
30,Person_0006,Conut - Tyre,2025-12-10,2025-12-10 15:00:46,2025-12-11 00:01:16,9.0083,midday,Wednesday,False
35,Person_0009,Conut - Tyre,2025-12-10,2025-12-10 14:51:04,2025-12-10 14:51:13,0.0025,midday,Wednesday,False
35,Person_0009,Conut - Tyre,2025-12-10,2025-12-10 14:51:19,2025-12-11 00:01:22,9.1675,midday,Wednesday,False
45,Person_0010,Conut - Tyre,2025-12-10,2025-12-10 11:59:26,2025-12-10 22:02:22,10.0489,morning,Wednesday,False
6,Person_0002,Conut Jnah,2025-12-10,2025-12-10 08:56:00,2025-12-10 18:01:59,9.0997,morning,Wednesday,False
8,Person_0004,Conut Jnah,2025-12-10,2025-12-10 13:05:02,2025-12-10 22:00:57,8.9319,midday,Wednesday,False
1,Person_0001,Main Street Coffee,2025-12-10,2025-12-10 15:24:36,2025-12-11 00:28:39,9.0675,midday,Wednesday,False
50,Person_0013,Main Street Coffee,2025-12-10,2025-12-10 08:02:30,2025-12-10 15:49:24,7.7817,morning,Wednesday,False
30,Person_0006,Conut - Tyre,2025-12-11,2025-12-11 15:06:11,2025-12-11 19:55:13,4.8172,midday,Thursday,False
35,Person_0009,Conut - Tyre,2025-12-11,2025-12-11 14:59:56,2025-12-11 23:45:03,8.7519,midday,Thursday,False
6,Person_0002,Conut Jnah,2025-12-11,2025-12-11 09:29:09,2025-12-11 18:06:23,8.6206,morning,Thursday,False
7,Person_0003,Conut Jnah,2025-12-11,2025-12-11 09:36:30,2025-12-11 14:44:24,5.1317,morning,Thursday,False
8,Person_0004,Conut Jnah,2025-12-11,2025-12-11 12:57:19,2025-12-11 18:06:07,5.1467,midday,Thursday,False
49,Person_0012,Main Street Coffee,2025-12-11,2025-12-11 00:29:12,2025-12-11 00:29:20,0.0022,evening,Thursday,False
49,Person_0012,Main Street Coffee,2025-12-11,2025-12-11 15:23:32,2025-12-12 00:16:17,8.8792,midday,Thursday,False
50,Person_0013,Main Street Coffee,2025-12-11,2025-12-11 07:39:08,2025-12-11 16:09:49,8.5114,morning,Thursday,False
51,Person_0014,Main Street Coffee,2025-12-11,2025-12-11 14:45:56,2025-12-12 00:11:39,9.4286,midday,Thursday,False
52,Person_0015,Main Street Coffee,2025-12-11,2025-12-11 00:28:56,2025-12-11 00:29:04,0.0022,evening,Thursday,False
30,Person_0006,Conut - Tyre,2025-12-12,2025-12-12 12:02:12,2025-12-13 14:55:31,2.8886,midday,Friday,False
31,Person_0007,Conut - Tyre,2025-12-12,2025-12-12 16:58:44,2025-12-12 23:54:08,6.9233,midday,Friday,False
35,Person_0009,Conut - Tyre,2025-12-12,2025-12-12 14:54:17,2025-12-12 23:54:02,8.9958,midday,Friday,False
7,Person_0003,Conut Jnah,2025-12-12,2025-12-12 09:33:03,2025-12-12 13:31:21,3.9717,morning,Friday,False
8,Person_0004,Conut Jnah,2025-12-12,2025-12-12 09:52:01,2025-12-12 09:52:15,0.0039,morning,Friday,False
8,Person_0004,Conut Jnah,2025-12-12,2025-12-12 10:07:18,2025-12-12 19:00:48,8.8917,morning,Friday,False
49,Person_0012,Main Street Coffee,2025-12-12,2025-12-12 15:06:28,2025-12-13 01:04:29,9.9669,midday,Friday,False
50,Person_0013,Main Street Coffee,2025-12-12,2025-12-12 08:15:43,2025-12-12 15:59:36,7.7314,morning,Friday,False
51,Person_0014,Main Street Coffee,2025-12-12,2025-12-12 17:56:44,2025-12-13 01:04:23,7.1275,evening,Friday,False
52,Person_0015,Main Street Coffee,2025-12-12,2025-12-12 15:06:36,2025-12-13 01:04:36,9.9667,midday,Friday,False
30,Person_0006,Conut - Tyre,2025-12-13,2025-12-13 14:55:37,2025-12-13 23:33:17,8.6278,midday,Saturday,True
31,Person_0007,Conut - Tyre,2025-12-13,2025-12-13 12:41:02,2025-12-13 19:31:54,6.8478,midday,Saturday,True
35,Person_0009,Conut - Tyre,2025-12-13,2025-12-13 17:08:35,2025-12-13 23:33:11,6.41,evening,Saturday,True
45,Person_0010,Conut - Tyre,2025-12-13,2025-12-13 23:33:24,2025-12-13 23:33:31,0.0019,evening,Saturday,True
6,Person_0002,Conut Jnah,2025-12-13,2025-12-13 15:02:35,2025-12-13 23:58:39,8.9344,midday,Saturday,True
7,Person_0003,Conut Jnah,2025-12-13,2025-12-13 16:19:54,2025-12-13 16:19:59,0.0014,midday,Saturday,True
8,Person_0004,Conut Jnah,2025-12-13,2025-12-13 13:07:30,2025-12-13 22:00:14,8.8789,midday,Saturday,True
49,Person_0012,Main Street Coffee,2025-12-13,2025-12-13 15:49:08,2025-12-14 02:08:02,10.315,midday,Saturday,True
50,Person_0013,Main Street Coffee,2025-12-13,2025-12-13 07:48:10,2025-12-13 16:41:17,8.8853,morning,Saturday,True
51,Person_0014,Main Street Coffee,2025-12-13,2025-12-13 15:41:41,2025-12-14 01:27:42,9.7669,midday,Saturday,True
52,Person_0015,Main Street Coffee,2025-12-13,2025-12-13 15:49:16,2025-12-14 02:07:52,10.31,midday,Saturday,True
30,Person_0006,Conut - Tyre,2025-12-14,2025-12-14 14:35:42,2025-12-14 23:42:34,9.1144,midday,Sunday,True
31,Person_0007,Conut - Tyre,2025-12-14,2025-12-14 12:03:23,2025-12-14 13:14:32,1.1858,midday,Sunday,True
35,Person_0009,Conut - Tyre,2025-12-14,2025-12-14 13:15:08,2025-12-14 23:42:42,10.4594,midday,Sunday,True
45,Person_0010,Conut - Tyre,2025-12-14,2025-12-14 14:57:36,2025-12-14 23:42:24,8.7467,midday,Sunday,True
7,Person_0003,Conut Jnah,2025-12-14,2025-12-14 09:07:31,2025-12-14 16:20:29,7.2161,morning,Sunday,True
8,Person_0004,Conut Jnah,2025-12-14,2025-12-14 13:05:45,2025-12-14 22:01:16,8.9253,midday,Sunday,True
49,Person_0012,Main Street Coffee,2025-12-14,2025-12-14 13:08:57,2025-12-15 00:48:53,11.6656,midday,Sunday,True
50,Person_0013,Main Street Coffee,2025-12-14,2025-12-14 08:11:49,2025-12-14 18:09:25,9.96,morning,Sunday,True
51,Person_0014,Main Street Coffee,2025-12-14,2025-12-14 12:44:36,2025-12-15 00:09:52,11.4211,midday,Sunday,True
52,Person_0015,Main Street Coffee,2025-12-14,2025-12-14 15:45:05,2025-12-15 00:48:45,9.0611,midday,Sunday,True
31,Person_0007,Conut - Tyre,2025-12-15,2025-12-15 15:54:01,2025-12-15 23:56:23,8.0394,midday,Monday,False
45,Person_0010,Conut - Tyre,2025-12-15,2025-12-15 15:13:34,2025-12-15 23:56:29,8.7153,midday,Monday,False
7,Person_0003,Conut Jnah,2025-12-15,2025-12-15 09:26:57,2025-12-15 16:02:00,6.5842,morning,Monday,False
8,Person_0004,Conut Jnah,2025-12-15,2025-12-15 13:07:32,2025-12-15 13:08:14,0.0117,midday,Monday,False
8,Person_0004,Conut Jnah,2025-12-15,2025-12-15 13:08:19,2025-12-15 21:57:29,8.8194,midday,Monday,False
34,Person_0008,Conut Jnah,2025-12-15,2025-12-15 13:07:53,2025-12-15 13:08:03,0.0028,midday,Monday,False
49,Person_0012,Main Street Coffee,2025-12-15,2025-12-15 15:31:24,2025-12-15 20:00:04,4.4778,midday,Monday,False
50,Person_0013,Main Street Coffee,2025-12-15,2025-12-15 08:49:54,2025-12-15 11:02:30,2.21,morning,Monday,False
51,Person_0014,Main Street Coffee,2025-12-15,2025-12-15 17:32:36,2025-12-16 00:26:49,6.9036,evening,Monday,False
52,Person_0015,Main Street Coffee,2025-12-15,2025-12-15 11:26:21,2025-12-15 19:59:57,8.56,morning,Monday,False
30,Person_0006,Conut - Tyre,2025-12-16,2025-12-16 15:27:18,2025-12-17 16:39:21,1.2008,midday,Tuesday,False
31,Person_0007,Conut - Tyre,2025-12-16,2025-12-16 17:33:29,2025-12-16 23:32:22,5.9814,evening,Tuesday,False
45,Person_0010,Conut - Tyre,2025-12-16,2025-12-16 12:07:38,2025-12-16 22:08:45,10.0186,midday,Tuesday,False
6,Person_0002,Conut Jnah,2025-12-16,2025-12-16 15:41:27,2025-12-17 00:00:31,8.3178,midday,Tuesday,False
7,Person_0003,Conut Jnah,2025-12-16,2025-12-16 09:12:28,2025-12-16 14:04:22,4.865,morning,Tuesday,False
8,Person_0004,Conut Jnah,2025-12-16,2025-12-16 11:03:43,2025-12-16 20:00:59,8.9544,morning,Tuesday,False
49,Person_0012,Main Street Coffee,2025-12-16,2025-12-16 13:45:04,2025-12-17 01:23:09,11.6347,midday,Tuesday,False
50,Person_0013,Main Street Coffee,2025-12-16,2025-12-16 07:41:16,2025-12-16 18:09:27,10.4697,morning,Tuesday,False
51,Person_0014,Main Street Coffee,2025-12-16,2025-12-16 18:16:34,2025-12-17 01:22:58,7.1067,evening,Tuesday,False
30,Person_0006,Conut - Tyre,2025-12-17,2025-12-17 23:30:32,2025-12-17 23:30:50,0.005,evening,Wednesday,False
31,Person_0007,Conut - Tyre,2025-12-17,2025-12-17 11:43:21,2025-12-17 18:19:35,6.6039,morning,Wednesday,False
35,Person_0009,Conut - Tyre,2025-12-17,2025-12-17 15:14:57,2025-12-17 23:30:57,8.2667,midday,Wednesday,False
45,Person_0010,Conut - Tyre,2025-12-17,2025-12-17 23:31:07,2025-12-17 23:31:12,0.0014,evening,Wednesday,False
6,Person_0002,Conut Jnah,2025-12-17,2025-12-17 16:52:10,2025-12-18 00:00:09,7.1331,midday,Wednesday,False
7,Person_0003,Conut Jnah,2025-12-17,2025-12-17 09:16:19,2025-12-17 14:30:03,5.2289,morning,Wednesday,False
8,Person_0004,Conut Jnah,2025-12-17,2025-12-17 12:57:00,2025-12-18 21:59:32,9.0422,midday,Wednesday,False
1,Person_0001,Main Street Coffee,2025-12-17,2025-12-17 15:02:51,2025-12-18 00:24:15,9.3567,midday,Wednesday,False
48,Person_0011,Main Street Coffee,2025-12-17,2025-12-17 01:23:36,2026-01-02 00:05:46,22.7028,evening,Wednesday,False
50,Person_0013,Main Street Coffee,2025-12-17,2025-12-17 08:50:22,2025-12-17 08:50:53,0.0086,morning,Wednesday,False
50,Person_0013,Main Street Coffee,2025-12-17,2025-12-17 08:51:01,2025-12-17 15:58:33,7.1256,morning,Wednesday,False
52,Person_0015,Main Street Coffee,2025-12-17,2025-12-17 15:11:32,2025-12-18 00:24:22,9.2139,midday,Wednesday,False
30,Person_0006,Conut - Tyre,2025-12-18,2025-12-18 14:35:29,2025-12-18 23:30:38,8.9192,midday,Thursday,False
31,Person_0007,Conut - Tyre,2025-12-18,2025-12-18 10:31:14,2025-12-18 14:35:14,4.0667,morning,Thursday,False
31,Person_0007,Conut - Tyre,2025-12-18,2025-12-18 14:35:23,2025-12-19 18:42:43,4.1222,midday,Thursday,False
35,Person_0009,Conut - Tyre,2025-12-18,2025-12-18 15:00:37,2025-12-18 23:30:32,8.4986,midday,Thursday,False
6,Person_0002,Conut Jnah,2025-12-18,2025-12-18 18:19:57,2025-12-19 00:05:05,5.7522,evening,Thursday,False
7,Person_0003,Conut Jnah,2025-12-18,2025-12-18 08:41:27,2025-12-18 11:40:03,2.9767,morning,Thursday,False
1,Person_0001,Main Street Coffee,2025-12-18,2025-12-18 15:17:14,2025-12-19 03:14:06,11.9478,midday,Thursday,False
49,Person_0012,Main Street Coffee,2025-12-18,2025-12-18 00:24:29,2025-12-18 00:24:35,0.0017,evening,Thursday,False
49,Person_0012,Main Street Coffee,2025-12-18,2025-12-18 15:49:32,2025-12-18 15:49:37,0.0014,midday,Thursday,False
50,Person_0013,Main Street Coffee,2025-12-18,2025-12-18 07:45:48,2025-12-18 16:26:30,8.6783,morning,Thursday,False
51,Person_0014,Main Street Coffee,2025-12-18,2025-12-18 15:48:54,2025-12-18 15:49:47,0.0147,midday,Thursday,False
52,Person_0015,Main Street Coffee,2025-12-18,2025-12-18 15:49:04,2025-12-18 15:49:20,0.0044,midday,Thursday,False
52,Person_0015,Main Street Coffee,2025-12-18,2025-12-18 15:49:25,2025-12-19 03:14:17,11.4144,midday,Thursday,False
27,Person_0005,Conut - Tyre,2025-12-19,2025-12-19 19:02:17,2025-12-25 15:02:30,20.0036,evening,Friday,False
30,Person_0006,Conut - Tyre,2025-12-19,2025-12-19 12:08:35,2025-12-19 21:05:24,8.9469,midday,Friday,False
31,Person_0007,Conut - Tyre,2025-12-19,2025-12-19 18:42:50,2025-12-19 23:48:09,5.0886,evening,Friday,False
35,Person_0009,Conut - Tyre,2025-12-19,2025-12-19 15:38:57,2025-12-19 23:48:20,8.1564,midday,Friday,False
45,Person_0010,Conut - Tyre,2025-12-19,2025-12-19 15:28:24,2025-12-19 23:48:39,8.3375,midday,Friday,False
6,Person_0002,Conut Jnah,2025-12-19,2025-12-19 18:35:22,2025-12-19 23:58:33,5.3864,evening,Friday,False
7,Person_0003,Conut Jnah,2025-12-19,2025-12-19 11:17:27,2025-12-19 11:17:33,0.0017,morning,Friday,False
7,Person_0003,Conut Jnah,2025-12-19,2025-12-19 14:32:20,2025-12-19 14:35:58,0.0606,midday,Friday,False
54,Person_0016,Conut Jnah,2025-12-19,2025-12-19 09:01:02,2025-12-19 09:01:27,0.0069,morning,Friday,False
49,Person_0012,Main Street Coffee,2025-12-19,2025-12-19 15:41:53,2025-12-20 00:47:33,9.0944,midday,Friday,False
50,Person_0013,Main Street Coffee,2025-12-19,2025-12-19 07:26:33,2025-12-19 16:48:56,9.3731,morning,Friday,False
51,Person_0014,Main Street Coffee,2025-12-19,2025-12-19 14:56:52,2025-12-20 00:48:41,9.8636,midday,Friday,False
52,Person_0015,Main Street Coffee,2025-12-19,2025-12-19 15:41:41,2025-12-20 00:47:39,9.0994,midday,Friday,False
30,Person_0006,Conut - Tyre,2025-12-20,2025-12-20 14:30:58,2025-12-20 23:35:54,9.0822,midday,Saturday,True
31,Person_0007,Conut - Tyre,2025-12-20,2025-12-20 18:40:42,2025-12-20 18:40:49,0.0019,evening,Saturday,True
35,Person_0009,Conut - Tyre,2025-12-20,2025-12-20 14:53:05,2025-12-20 23:35:39,8.7094,midday,Saturday,True
45,Person_0010,Conut - Tyre,2025-12-20,2025-12-20 15:27:09,2025-12-20 23:35:45,8.1433,midday,Saturday,True
6,Person_0002,Conut Jnah,2025-12-20,2025-12-20 18:29:22,2025-12-20 23:59:28,5.5017,evening,Saturday,True
7,Person_0003,Conut Jnah,2025-12-20,2025-12-20 08:48:52,2025-12-20 15:40:41,6.8636,morning,Saturday,True
8,Person_0004,Conut Jnah,2025-12-20,2025-12-20 08:54:30,2025-12-20 18:02:35,9.1347,morning,Saturday,True
1,Person_0001,Main Street Coffee,2025-12-20,2025-12-20 00:47:55,2025-12-20 00:48:03,0.0022,evening,Saturday,True
1,Person_0001,Main Street Coffee,2025-12-20,2025-12-20 16:02:14,2025-12-21 01:30:30,9.4711,midday,Saturday,True
49,Person_0012,Main Street Coffee,2025-12-20,2025-12-20 15:22:53,2025-12-21 01:30:24,10.1253,midday,Saturday,True
50,Person_0013,Main Street Coffee,2025-12-20,2025-12-20 07:47:08,2025-12-21 07:45:20,23.97,morning,Saturday,True
51,Person_0014,Main Street Coffee,2025-12-20,2025-12-20 13:28:48,2025-12-21 00:41:06,11.205,midday,Saturday,True
52,Person_0015,Main Street Coffee,2025-12-20,2025-12-20 15:23:01,2025-12-21 01:30:15,10.1206,midday,Saturday,True
30,Person_0006,Conut - Tyre,2025-12-21,2025-12-21 14:29:31,2025-12-21 23:58:15,9.4789,midday,Sunday,True
31,Person_0007,Conut - Tyre,2025-12-21,2025-12-21 11:58:21,2025-12-21 16:44:00,4.7608,morning,Sunday,True
35,Person_0009,Conut - Tyre,2025-12-21,2025-12-21 14:58:31,2025-12-21 23:58:21,8.9972,midday,Sunday,True
45,Person_0010,Conut - Tyre,2025-12-21,2025-12-21 15:02:41,2025-12-21 23:58:07,8.9239,midday,Sunday,True
7,Person_0003,Conut Jnah,2025-12-21,2025-12-21 09:16:25,2025-12-21 15:18:11,6.0294,morning,Sunday,True
8,Person_0004,Conut Jnah,2025-12-21,2025-12-21 09:06:03,2025-12-21 18:10:27,9.0733,morning,Sunday,True
1,Person_0001,Main Street Coffee,2025-12-21,2025-12-21 16:25:38,2025-12-22 00:15:09,7.8253,midday,Sunday,True
50,Person_0013,Main Street Coffee,2025-12-21,2025-12-21 07:45:30,2025-12-21 16:49:54,9.0733,morning,Sunday,True
51,Person_0014,Main Street Coffee,2025-12-21,2025-12-21 11:41:37,2025-12-22 00:14:30,12.5481,morning,Sunday,True
31,Person_0007,Conut - Tyre,2025-12-22,2025-12-22 14:58:35,2025-12-22 23:34:02,8.5908,midday,Monday,False
35,Person_0009,Conut - Tyre,2025-12-22,2025-12-22 11:16:09,2025-12-22 22:00:55,10.7461,morning,Monday,False
45,Person_0010,Conut - Tyre,2025-12-22,2025-12-22 15:04:13,2025-12-22 23:34:13,8.5,midday,Monday,False
7,Person_0003,Conut Jnah,2025-12-22,2025-12-22 10:04:11,2025-12-22 16:06:45,6.0428,morning,Monday,False
8,Person_0004,Conut Jnah,2025-12-22,2025-12-22 13:01:54,2025-12-22 22:01:12,8.9883,midday,Monday,False
1,Person_0001,Main Street Coffee,2025-12-22,2025-12-22 14:39:10,2025-12-23 00:21:15,9.7014,midday,Monday,False
49,Person_0012,Main Street Coffee,2025-12-22,2025-12-22 00:14:43,2025-12-22 00:14:48,0.0014,evening,Monday,False
49,Person_0012,Main Street Coffee,2025-12-22,2025-12-22 15:25:52,2025-12-23 00:22:19,8.9408,midday,Monday,False
51,Person_0014,Main Street Coffee,2025-12-22,2025-12-22 19:15:55,2025-12-23 00:22:30,5.1097,evening,Monday,False
52,Person_0015,Main Street Coffee,2025-12-22,2025-12-22 00:14:34,2025-12-22 00:14:39,0.0014,evening,Monday,False
52,Person_0015,Main Street Coffee,2025-12-22,2025-12-22 07:57:54,2025-12-23 15:57:31,7.9936,morning,Monday,False
30,Person_0006,Conut - Tyre,2025-12-23,2025-12-23 15:45:40,2025-12-24 15:11:12,23.4256,midday,Tuesday,False
31,Person_0007,Conut - Tyre,2025-12-23,2025-12-23 16:01:27,2025-12-23 23:44:38,7.7197,midday,Tuesday,False
35,Person_0009,Conut - Tyre,2025-12-23,2025-12-23 14:39:30,2025-12-23 23:44:33,9.0842,midday,Tuesday,False
6,Person_0002,Conut Jnah,2025-12-23,2025-12-23 18:01:01,2025-12-24 00:38:39,6.6272,evening,Tuesday,False
7,Person_0003,Conut Jnah,2025-12-23,2025-12-23 09:03:13,2025-12-23 15:43:54,6.6781,morning,Tuesday,False
8,Person_0004,Conut Jnah,2025-12-23,2025-12-23 13:01:28,2025-12-23 22:00:35,8.9853,midday,Tuesday,False
54,Person_0016,Conut Jnah,2025-12-23,2025-12-23 11:09:20,2025-12-23 11:10:23,0.0175,morning,Tuesday,False
54,Person_0016,Conut Jnah,2025-12-23,2025-12-23 11:10:28,2025-12-23 18:32:05,7.3603,morning,Tuesday,False
1,Person_0001,Main Street Coffee,2025-12-23,2025-12-23 15:37:36,2025-12-24 00:22:47,8.7531,midday,Tuesday,False
49,Person_0012,Main Street Coffee,2025-12-23,2025-12-23 15:57:19,2025-12-24 00:22:58,8.4275,midday,Tuesday,False
50,Person_0013,Main Street Coffee,2025-12-23,2025-12-23 08:03:31,2025-12-23 17:17:28,9.2325,morning,Tuesday,False
52,Person_0015,Main Street Coffee,2025-12-23,2025-12-23 15:57:45,2025-12-24 00:22:53,8.4189,midday,Tuesday,False
30,Person_0006,Conut - Tyre,2025-12-24,2025-12-24 15:11:18,2025-12-24 23:26:33,8.2542,midday,Wednesday,False
35,Person_0009,Conut - Tyre,2025-12-24,2025-12-24 15:32:34,2025-12-24 23:26:39,7.9014,midday,Wednesday,False
45,Person_0010,Conut - Tyre,2025-12-24,2025-12-24 11:56:14,2025-12-24 21:42:47,9.7758,morning,Wednesday,False
6,Person_0002,Conut Jnah,2025-12-24,2025-12-24 16:18:30,2025-12-25 00:01:16,7.7128,midday,Wednesday,False
54,Person_0016,Conut Jnah,2025-12-24,2025-12-24 08:57:18,2025-12-24 18:00:09,9.0475,morning,Wednesday,False
1,Person_0001,Main Street Coffee,2025-12-24,2025-12-24 12:38:31,2025-12-24 21:29:08,8.8436,midday,Wednesday,False
50,Person_0013,Main Street Coffee,2025-12-24,2025-12-24 08:14:09,2025-12-25 08:47:50,0.5614,morning,Wednesday,False
51,Person_0014,Main Street Coffee,2025-12-24,2025-12-24 11:27:41,2025-12-24 21:28:59,10.0217,morning,Wednesday,False
30,Person_0006,Conut - Tyre,2025-12-25,2025-12-25 14:19:06,2025-12-25 23:33:41,9.2431,midday,Thursday,False
31,Person_0007,Conut - Tyre,2025-12-25,2025-12-25 11:37:40,2025-12-26 16:38:43,5.0175,morning,Thursday,False
35,Person_0009,Conut - Tyre,2025-12-25,2025-12-25 15:02:09,2025-12-25 23:33:47,8.5272,midday,Thursday,False
45,Person_0010,Conut - Tyre,2025-12-25,2025-12-25 15:02:21,2025-12-25 15:03:27,0.0183,midday,Thursday,False
45,Person_0010,Conut - Tyre,2025-12-25,2025-12-25 15:03:39,2025-12-25 23:33:35,8.4989,midday,Thursday,False
6,Person_0002,Conut Jnah,2025-12-25,2025-12-25 14:43:02,2025-12-25 23:20:22,8.6222,midday,Thursday,False
7,Person_0003,Conut Jnah,2025-12-25,2025-12-25 09:15:54,2025-12-25 14:57:05,5.6864,morning,Thursday,False
8,Person_0004,Conut Jnah,2025-12-25,2025-12-25 13:09:10,2025-12-25 22:01:20,8.8694,midday,Thursday,False
1,Person_0001,Main Street Coffee,2025-12-25,2025-12-25 15:24:48,2025-12-26 00:25:13,9.0069,midday,Thursday,False
50,Person_0013,Main Street Coffee,2025-12-25,2025-12-25 19:14:39,2025-12-25 19:14:56,0.0047,evening,Thursday,False
51,Person_0014,Main Street Coffee,2025-12-25,2025-12-25 21:01:28,2025-12-25 23:55:14,2.8961,evening,Thursday,False
30,Person_0006,Conut - Tyre,2025-12-26,2025-12-26 15:23:04,2025-12-27 15:17:59,23.9153,midday,Friday,False
31,Person_0007,Conut - Tyre,2025-12-26,2025-12-26 16:38:54,2025-12-26 17:05:28,0.4428,midday,Friday,False
31,Person_0007,Conut - Tyre,2025-12-26,2025-12-26 17:05:34,2025-12-26 23:27:26,6.3644,evening,Friday,False
45,Person_0010,Conut - Tyre,2025-12-26,2025-12-26 12:02:48,2025-12-26 22:19:00,10.27,midday,Friday,False
6,Person_0002,Conut Jnah,2025-12-26,2025-12-26 15:14:45,2025-12-26 23:32:20,8.2931,midday,Friday,False
7,Person_0003,Conut Jnah,2025-12-26,2025-12-26 09:29:02,2025-12-26 15:01:29,5.5408,morning,Friday,False
8,Person_0004,Conut Jnah,2025-12-26,2025-12-26 13:09:57,2025-12-26 22:02:15,8.8717,midday,Friday,False
54,Person_0016,Conut Jnah,2025-12-26,2025-12-26 09:07:09,2025-12-27 13:16:38,4.1581,morning,Friday,False
1,Person_0001,Main Street Coffee,2025-12-26,2025-12-26 16:05:55,2025-12-27 00:51:30,8.7597,midday,Friday,False
49,Person_0012,Main Street Coffee,2025-12-26,2025-12-26 00:25:50,2025-12-26 00:26:00,0.0028,evening,Friday,False
49,Person_0012,Main Street Coffee,2025-12-26,2025-12-26 16:06:04,2025-12-27 00:54:08,8.8011,midday,Friday,False
50,Person_0013,Main Street Coffee,2025-12-26,2025-12-26 08:04:41,2025-12-26 18:27:40,10.3831,morning,Friday,False
51,Person_0014,Main Street Coffee,2025-12-26,2025-12-26 13:29:48,2025-12-27 00:54:04,11.4044,midday,Friday,False
52,Person_0015,Main Street Coffee,2025-12-26,2025-12-26 00:25:26,2025-12-26 00:25:34,0.0022,evening,Friday,False
52,Person_0015,Main Street Coffee,2025-12-26,2025-12-26 14:44:24,2025-12-27 00:54:12,10.1633,midday,Friday,False
30,Person_0006,Conut - Tyre,2025-12-27,2025-12-27 15:18:04,2025-12-27 23:24:29,8.1069,midday,Saturday,True
31,Person_0007,Conut - Tyre,2025-12-27,2025-12-27 11:47:16,2025-12-28 11:57:35,0.1719,morning,Saturday,True
35,Person_0009,Conut - Tyre,2025-12-27,2025-12-27 14:25:00,2025-12-27 23:24:34,8.9928,midday,Saturday,True
45,Person_0010,Conut - Tyre,2025-12-27,2025-12-27 15:04:03,2025-12-27 23:24:24,8.3392,midday,Saturday,True
7,Person_0003,Conut Jnah,2025-12-27,2025-12-27 09:18:19,2025-12-27 15:29:36,6.1881,morning,Saturday,True
8,Person_0004,Conut Jnah,2025-12-27,2025-12-27 08:50:37,2025-12-27 18:06:34,9.2658,morning,Saturday,True
54,Person_0016,Conut Jnah,2025-12-27,2025-12-27 13:16:44,2025-12-27 22:04:50,8.8017,midday,Saturday,True
1,Person_0001,Main Street Coffee,2025-12-27,2025-12-27 15:33:02,2025-12-28 00:04:24,8.5228,midday,Saturday,True
50,Person_0013,Main Street Coffee,2025-12-27,2025-12-27 08:27:24,2025-12-28 00:04:32,15.6189,morning,Saturday,True
51,Person_0014,Main Street Coffee,2025-12-27,2025-12-27 15:43:19,2025-12-28 00:04:15,8.3489,midday,Saturday,True
30,Person_0006,Conut - Tyre,2025-12-28,2025-12-28 15:09:55,2025-12-28 23:27:56,8.3003,midday,Sunday,True
31,Person_0007,Conut - Tyre,2025-12-28,2025-12-28 11:57:49,2025-12-29 23:32:48,11.5831,morning,Sunday,True
35,Person_0009,Conut - Tyre,2025-12-28,2025-12-28 15:16:09,2025-12-28 23:28:02,8.1981,midday,Sunday,True
45,Person_0010,Conut - Tyre,2025-12-28,2025-12-28 14:58:27,2025-12-28 23:27:51,8.49,midday,Sunday,True
6,Person_0002,Conut Jnah,2025-12-28,2025-12-28 10:09:31,2025-12-28 13:21:12,3.1947,morning,Sunday,True
7,Person_0003,Conut Jnah,2025-12-28,2025-12-28 09:23:29,2025-12-28 15:19:00,5.9253,morning,Sunday,True
8,Person_0004,Conut Jnah,2025-12-28,2025-12-28 13:13:28,2025-12-28 22:05:36,8.8689,midday,Sunday,True
54,Person_0016,Conut Jnah,2025-12-28,2025-12-28 12:57:10,2025-12-28 22:05:27,9.1381,midday,Sunday,True
1,Person_0001,Main Street Coffee,2025-12-28,2025-12-28 22:43:17,2025-12-28 22:43:24,0.0019,evening,Sunday,True
49,Person_0012,Main Street Coffee,2025-12-28,2025-12-28 00:04:39,2025-12-28 00:04:46,0.0019,evening,Sunday,True
50,Person_0013,Main Street Coffee,2025-12-28,2025-12-28 07:55:14,2025-12-28 16:43:19,8.8014,morning,Sunday,True
51,Person_0014,Main Street Coffee,2025-12-28,2025-12-28 12:29:22,2025-12-29 00:35:16,12.0983,midday,Sunday,True
52,Person_0015,Main Street Coffee,2025-12-28,2025-12-28 00:04:55,2025-12-28 00:05:00,0.0014,evening,Sunday,True
35,Person_0009,Conut - Tyre,2025-12-29,2025-12-29 16:40:37,2025-12-29 23:36:46,6.9358,midday,Monday,False
7,Person_0003,Conut Jnah,2025-12-29,2025-12-29 09:55:37,2025-12-29 15:38:25,5.7133,morning,Monday,False
8,Person_0004,Conut Jnah,2025-12-29,2025-12-29 13:13:30,2025-12-29 22:04:50,8.8556,midday,Monday,False
54,Person_0016,Conut Jnah,2025-12-29,2025-12-29 09:02:44,2025-12-29 18:01:11,8.9742,morning,Monday,False
1,Person_0001,Main Street Coffee,2025-12-29,2025-12-29 07:23:08,2025-12-29 15:42:54,8.3294,morning,Monday,False
49,Person_0012,Main Street Coffee,2025-12-29,2025-12-29 00:41:12,2025-12-29 00:41:20,0.0022,evening,Monday,False
49,Person_0012,Main Street Coffee,2025-12-29,2025-12-29 16:45:17,2025-12-30 00:33:37,7.8056,midday,Monday,False
51,Person_0014,Main Street Coffee,2025-12-29,2025-12-29 15:00:06,2025-12-30 00:30:54,9.5133,midday,Monday,False
52,Person_0015,Main Street Coffee,2025-12-29,2025-12-29 00:40:42,2025-12-29 00:40:47,0.0014,evening,Monday,False
52,Person_0015,Main Street Coffee,2025-12-29,2025-12-29 16:45:09,2025-12-30 00:33:30,7.8058,midday,Monday,False
